Ticker,Date,c_open,c_high,c_low,n_close,n_adj_close,Adj Close,Normalized_MA_5,Normalized_MA_10,Normalized_MA_15,Normalized_MA_20,Normalized_MA_25,Normalized_MA_30,Class
AGFS,2015-01-05,0.31088082901553626,0.5181347150258864,0.0,0.5208333333333481,0.5208333333333481,9.65,-0.4145077720207335,-0.3005181347150443,-0.29706390328151366,-0.38860103626943143,-0.3266321243523329,-0.24801381692574065,0
AGFS,2015-01-06,0.31055900621117516,0.9316770186335477,-0.02070393374742352,0.10362694300518616,0.10362694300518616,9.66,-0.39337474120083593,-0.3830227743271353,-0.3519668737059889,-0.43478260869564966,-0.44637681159420683,-0.3443754313319447,0
AGFS,2015-01-07,0.10277492291881352,0.10277492291881352,0.0,0.7246376811594235,0.7246376811594235,9.73,-0.8427543679342286,-1.0071942446043258,-0.99349092154849,-1.0894141829393744,-1.1313463514902367,-1.0304898937992246,1
AGFS,2015-01-08,-0.8205128205128198,0.0,-1.025641025641022,0.20554984583760483,0.20554984583760483,9.75,-0.7384615384615323,-1.0974358974359055,-1.1076923076923095,-1.2000000000000122,-1.2947692307692438,-1.1958974358974417,0
AGFS,2015-01-09,0.0,0.0,0.0,0.0,0.0,9.75,-0.43076923076921236,-0.9435897435897456,-1.039316239316257,-1.1128205128205226,-1.2553846153846249,-1.1788034188034202,0
AGFS,2015-01-12,0.0,0.0,0.0,0.0,0.0,9.75,-0.2256410256410324,-0.8307692307692238,-0.9572649572649583,-1.0461538461538522,-1.1733333333333262,-1.1617094017093987,0
AGFS,2015-01-13,-0.612244897959191,0.0,-0.612244897959191,0.512820512820511,0.512820512820511,9.8,-0.4489795918367401,-1.1326530612244756,-1.353741496598626,-1.4438775510204116,-1.5755102040816427,-1.6319727891156655,0
AGFS,2015-01-14,-0.10277492291880241,0.41109969167523186,-0.10277492291880241,-0.7142857142857117,-0.7142857142857117,9.73,0.2672147995888885,-0.2877697841726645,-0.582391229873247,-0.6783144912641426,-0.8180883864337241,-0.8982528263103862,-1
AGFS,2015-01-15,-0.10319917440659854,0.0,-0.20639834881320818,-0.41109969167524296,-0.41109969167524296,9.69,0.5572755417956765,0.21671826625386803,-0.13759889920879065,-0.23219814241485226,-0.359133126934974,-0.47678018575850745,0
AGFS,2015-01-16,-0.20618556701030855,1.030927835051565,-0.20618556701030855,0.10319917440659854,0.10319917440659854,9.7,0.3505154639175112,0.2164948453608373,-0.17182130584191269,-0.3092783505154628,-0.412371134020606,-0.5635738831615278,0
AGFS,2015-01-20,-1.2345679012345734,0.2057613168724215,-1.2345679012345734,0.20618556701033075,0.20618556701033075,9.72,0.08230452674895528,0.08230452674895528,-0.3223593964334581,-0.4681069958847761,-0.5761316872427868,-0.7098765432098642,0
AGFS,2015-01-21,-1.538461538461544,0.512820512820511,-1.538461538461544,0.30864197530864335,0.30864197530864335,9.75,-0.3282051282051279,-0.13333333333332975,-0.5264957264957126,-0.7179487179487021,-0.8164102564102493,-0.9470085470085432,0
AGFS,2015-01-22,-0.41279669762640525,0.3095975232198178,-0.41279669762640525,-0.6153846153846176,-0.6153846153846176,9.69,0.20639834881319707,0.443756449948407,0.15135878912970746,-0.07739938080494335,-0.17337461300307444,-0.30615755073958306,-1
AGFS,2015-01-23,-0.5128205128205221,0.10256410256410664,-0.5128205128205221,0.6191950464396356,0.6191950464396356,9.75,-0.2871794871794897,-0.17435897435896797,-0.3623931623931709,-0.6358974358974256,-0.7343589743589729,-0.8581196581196493,1
AGFS,2015-01-26,-0.5133470225872738,0.8213552361396204,-0.8213552361396315,-0.10256410256409554,-0.10256410256409554,9.74,-0.10266940451745254,-0.0821355236139576,-0.1642710472279485,-0.4620123203285642,-0.5954825462012536,-0.7015742642025868,0
AGFS,2015-01-27,-0.8179959100204526,0.0,-1.0224948875255602,0.4106776180698102,0.4106776180698102,9.78,-0.38854805725969666,-0.4601226993864893,-0.48398091342877203,-0.797546012269934,-0.9406952965235194,-1.0531697341513269,0
AGFS,2015-01-28,0.0,0.5133470225872516,-0.6160164271047264,-0.4089979550102152,-0.4089979550102152,9.74,-2.220446049250313e-14,-0.11293634496919447,-0.02053388090349495,-0.31827515400411066,-0.4928131416837789,-0.5954825462012536,0
AGFS,2015-01-29,-0.7179487179487243,0.3076923076922977,-0.7179487179487243,0.10266940451744144,0.10266940451744144,9.75,0.020512820512808005,-0.19487179487179818,-0.10940170940171301,-0.34358974358974503,-0.5497435897435787,-0.6529914529914693,0
AGFS,2015-01-30,-0.6147540983606592,0.0,-0.8196721311475419,0.10256410256410664,0.10256410256410664,9.76,-0.06147540983606481,-0.22540983606555987,-0.2049180327868827,-0.36372950819673067,-0.6024590163934418,-0.7069672131147398,0
AGFS,2015-02-02,-0.2059732234809597,0.3089598352214118,-0.2059732234809597,-0.5122950819672067,-0.5122950819672067,9.71,0.39134912461380456,0.2986611740473766,0.2814967387572809,0.2059732234809486,-0.04531410916582823,-0.17507723995879854,-1
AGFS,2015-02-03,-0.6172839506172867,0.0,-0.6172839506172867,0.1029866117404632,0.1029866117404632,9.72,0.16460905349793276,0.1954732510287993,0.15775034293552537,0.1388888888888662,-0.11522633744857069,-0.24691358024692134,0
AGFS,2015-02-04,-0.20618556701030855,0.5154639175257714,-0.412371134020606,-0.2057613168724437,-0.2057613168724437,9.7,0.2886597938144275,0.3505154639175334,0.29553264604811336,0.36597938144329323,0.13195876288660813,-0.020618556701024193,0
AGFS,2015-02-05,0.0,0.0,0.0,-0.20618556701030855,-0.20618556701030855,9.68,0.3512396694214992,0.5475206611570416,0.4683195592286582,0.5475206611570416,0.37190082644629197,0.19972451790635226,0
AGFS,2015-02-06,0.0,0.0,0.0,0.0,0.0,9.68,0.18595041322315708,0.4752066115702558,0.4614325068870606,0.5113636363636376,0.4049586776859515,0.21349862258952523,0
AGFS,2015-02-09,0.0,0.0,0.0,0.0,0.0,9.68,0.12396694214875659,0.4132231404958553,0.44765840220384323,0.4752066115702558,0.43801652892563325,0.2410468319559378,0
AGFS,2015-02-10,0.9287925696594312,0.9287925696594312,-0.10319917440659854,0.10330578512396382,0.10330578512396382,9.69,-0.04127966976265052,0.21671826625386803,0.3233574131406902,0.3405572755418085,0.35087719298245723,0.1547987616099089,0
AGFS,2015-02-11,0.0,0.0,0.0,0.0,0.0,9.69,-0.06191950464394802,0.16511867905055766,0.2820777433780508,0.28379772961815153,0.36326109391124906,0.18575851393189957,0
AGFS,2015-02-12,-0.5138746145940454,0.5138746145940232,-0.7194244604316613,0.41279669762643856,0.41279669762643856,9.73,-0.3699897225077242,-0.2672147995889218,-0.10277492291882462,-0.1284686536485169,-0.04933196300104248,-0.18156903048989204,0
AGFS,2015-02-13,0.0,0.0,0.0,0.0,0.0,9.73,-0.2672147995889218,-0.29804727646456364,-0.1164782459746494,-0.10791366906475197,-0.0575539568345218,-0.13703323055841432,0
AGFS,2015-02-17,0.0,0.0,0.0,0.0,0.0,9.73,-0.16443987667009718,-0.2774922918807876,-0.12332990750257844,-0.0924974306269255,-0.06577595066804554,-0.0924974306269255,0
AGFS,2015-02-18,0.0,0.0,0.0,0.20554984583760483,0.20554984583760483,9.75,-0.2461538461538404,-0.4512820512820537,-0.34871794871793593,-0.2820512820512766,-0.2707692307692411,-0.26324786324786187,0
AGFS,2015-02-19,0.0,0.0,0.0,0.0,0.0,9.75,-0.12307692307692575,-0.40000000000000036,-0.34188034188034067,-0.2820512820512766,-0.2912820512820491,-0.23247863247863876,0
AGFS,2015-02-20,0.0,0.0,0.0,0.0,0.0,9.75,-0.08205128205127643,-0.3282051282051279,-0.34188034188034067,-0.2512820512820535,-0.28307692307691923,-0.2256410256410324,0
AGFS,2015-02-23,0.723140495867769,0.723140495867769,0.0,-0.7179487179487243,-0.7179487179487243,9.68,0.5371900826446341,0.39256198347108473,0.32369146005510885,0.43388429752067026,0.43388429752067026,0.4717630853994459,-1
AGFS,2015-02-24,0.0,0.0,0.0,0.0,0.0,9.68,0.43388429752067026,0.39256198347108473,0.3030303030302939,0.40289256198347,0.42561983471074427,0.44765840220384323,0
AGFS,2015-02-25,0.0,0.0,0.0,0.0,0.0,9.68,0.2892561983471209,0.38223140495867725,0.27548209366392573,0.3512396694214992,0.4090909090909145,0.4235537190082628,0
AGFS,2015-02-26,0.0,0.0,0.0,0.0,0.0,9.68,0.14462809917354935,0.37190082644626976,0.26170798898070835,0.32024793388429895,0.38016528925619575,0.38223140495867725,0
AGFS,2015-02-27,0.0,0.0,0.0,0.0,0.0,9.68,0.0,0.32024793388432116,0.26170798898073055,0.28409090909091717,0.37603305785125496,0.3650137741046722,0
AGFS,2015-03-02,0.0,0.0,-0.10256410256409554,0.723140495867769,0.723140495867769,9.75,-0.5743589743589794,-0.37948717948719235,-0.41025641025640436,-0.44102564102563857,-0.34461538461538765,-0.3350427350427454,1
AGFS,2015-03-03,0.0,0.0,0.0,0.0,0.0,9.75,-0.43076923076922347,-0.35897435897436214,-0.3623931623931709,-0.42051282051281946,-0.34051282051280607,-0.3179487179487239,0
AGFS,2015-03-04,0.0,0.0,0.0,0.0,0.0,9.75,-0.2871794871794897,-0.35897435897436214,-0.32136752136751046,-0.40512820512821346,-0.3528205128205064,-0.3076923076923199,0
AGFS,2015-03-05,0.0,0.0,0.0,0.0,0.0,9.75,-0.14358974358973375,-0.35897435897436214,-0.28034188034187224,-0.37948717948719235,-0.34871794871793593,-0.3076923076923199,0
AGFS,2015-03-06,0.0,0.0,-0.20618556701030855,-0.5128205128205221,-0.5128205128205221,9.7,0.4123711340206171,0.10309278350515427,0.21305841924399438,0.14432989690722486,0.14432989690722486,0.20962199312717367,-1
AGFS,2015-03-09,0.0,0.0,0.0,0.0,0.0,9.7,0.309278350515485,0.12371134020618957,0.19243986254295908,0.1546391752577314,0.11958762886599139,0.1924398625429813,0
AGFS,2015-03-10,0.0,0.0,0.0,0.0,0.0,9.7,0.20618556701030855,0.14432989690722486,0.1718213058419238,0.16494845360823795,0.11546391752577101,0.17869415807560962,0
AGFS,2015-03-11,0.0,0.0,0.0,0.0,0.0,9.7,0.10309278350515427,0.16494845360823795,0.13745704467353903,0.17010309278351343,0.10721649484537465,0.1512027491408885,0
AGFS,2015-03-12,0.0,0.0,0.0,0.0,0.0,9.7,0.0,0.18556701030929545,0.10309278350517648,0.1752577319587667,0.10721649484537465,0.13745704467353903,0
AGFS,2015-03-13,0.0,0.0,0.0,0.0,0.0,9.7,0.0,0.20618556701033075,0.06872852233676952,0.1597938144330069,0.11546391752577101,0.12027491408936886,0
AGFS,2015-03-16,0.0,0.0,0.0,0.0,0.0,9.7,0.0,0.1546391752577314,0.08247422680411898,0.14432989690720266,0.12371134020618957,0.09965635738833356,0
AGFS,2015-03-17,0.0,0.0,0.0,0.0,0.0,9.7,0.0,0.10309278350515427,0.09621993127151285,0.12886597938146505,0.13195876288660813,0.09621993127146844,0
AGFS,2015-03-18,-0.1029866117404854,0.0,-0.1029866117404854,0.10309278350517648,0.10309278350517648,9.71,-0.08238928939239276,-0.04119464469620748,0.013731548232054358,0.005149330587017609,0.03707518022655343,-0.010298661174057422,0
AGFS,2015-03-19,0.4119464469618972,0.4119464469618972,0.0,0.0,0.0,9.71,-0.06179196704428902,-0.08238928939237056,0.034328870580147,-0.015447991761086133,0.045314109165794925,-0.006865774116027179,0
AGFS,2015-03-20,0.0,0.0,0.0,0.0,0.0,9.71,-0.04119464469620748,-0.07209062821834644,0.05492619292821743,-0.03604531410917877,0.03707518022655343,0.003432887057996936,0
AGFS,2015-03-23,0.0,0.41025641025640436,0.0,0.4119464469618972,0.4119464469618972,9.75,-0.34871794871795814,-0.43076923076922347,-0.3555555555555756,-0.41025641025641546,-0.36512820512820676,-0.3829059829059789,0
AGFS,2015-03-24,0.0,0.0,0.0,0.0,0.0,9.75,-0.2461538461538404,-0.37948717948719235,-0.3555555555555756,-0.37435897435897925,-0.356923076923088,-0.35897435897436214,0
AGFS,2015-03-25,0.0,0.10235414534287557,0.0,0.20512820512819108,0.20512820512819108,9.77,-0.3275332650972351,-0.5117707267144223,-0.5458887751620511,-0.5322415557830085,-0.5527123848515725,-0.5356533606277747,0
AGFS,2015-03-26,0.0,0.0,0.0,0.0,0.0,9.77,-0.20470829068577334,-0.44012282497440935,-0.5322415557830196,-0.48618219037870336,-0.5445240532241602,-0.508358921869656,0
AGFS,2015-03-27,0.10224948875254825,0.10224948875254825,0.0,0.10235414534287557,0.10235414534287557,9.78,-0.16359918200409274,-0.4601226993865004,-0.5794137695978141,-0.5368098159509227,-0.6339468302658413,-0.5930470347648265,0
AGFS,2015-03-30,-0.19389733646290042,0.0,-0.19389733646290042,0.19427402862985943,0.19427402862985943,9.799,-0.25716909888764405,-0.5520971527706919,-0.7048338265809528,-0.7046637411980861,-0.7780385753648367,-0.7623226859883703,0
AGFS,2015-03-31,-0.10204081632654294,0.0,-0.20408163265307477,0.010205122971740366,0.010205122971740366,9.8,-0.1653061224489938,-0.4602040816326647,-0.6469387755101974,-0.6892857142857256,-0.7391836734693902,-0.7486394557823295,0
AGFS,2015-04-01,0.0,0.0,0.0,0.0,0.0,9.8,-0.10408163265305248,-0.3683673469387916,-0.5789115646258503,-0.6637755102040899,-0.6902040816326616,-0.7316326530612427,0
AGFS,2015-04-02,-0.8056394763343411,2.7190332326283873,-0.8056394763343411,1.3265306122448806,1.3265306122448806,9.93,-1.0896273917421984,-1.451158106747208,-1.7260825780463285,-1.873615307150045,-1.889627391742199,-1.970795568982886,1
AGFS,2015-04-06,0.0,0.0,0.0,0.0,0.0,9.93,-0.7875125881168121,-1.2296072507552824,-1.5716683450822333,-1.7578046324269847,-1.7889224572004037,-1.9103726082578043,0
AGFS,2015-04-07,0.0,0.0,0.0,0.0,0.0,9.93,-0.5236656596173117,-1.0483383685800485,-1.4172541121181603,-1.6419939577039466,-1.7164149043303212,-1.8264518294729637,0
AGFS,2015-04-08,-4.6934865900383205,0.0,-4.6934865900383205,5.1359516616314105,5.1359516616314105,10.44,-4.157088122605357,-5.221264367816092,-5.760536398467419,-6.0924329501915615,-6.253256704980858,-6.379629629629624,1
AGFS,2015-04-09,-1.3752455795677854,0.0,-1.5717092337917515,-2.490421455938696,-2.490421455938696,10.18,-0.9626719056974542,-2.3978388998035283,-3.045841519318915,-3.458251473477414,-3.689980353634581,-3.8248199083169565,-1
AGFS,2015-04-10,-3.7536092396535214,0.0,-3.7536092396535214,2.062868369351678,2.062868369351678,10.39,-2.078922040423492,-3.7738209817132162,-4.569136990696176,-5.077478344562092,-5.390182868142457,-5.540904716073158,1
AGFS,2015-04-13,0.0,0.0,0.0,0.0,0.0,10.39,-1.1934552454282987,-3.1867179980750837,-4.132820019249284,-4.745428296438881,-5.124542829643897,-5.313121591273662,0
AGFS,2015-04-14,0.0,0.0,0.0,-1.4436958614052031,-1.4436958614052031,10.24,0.8593749999999956,-1.3378906250000044,-2.409505208333329,-3.0864257812499907,-3.523828125000017,-3.766601562499994,-1
AGFS,2015-04-15,0.0,0.0,0.0,-1.171875000000011,-1.171875000000011,10.12,1.4229249011857625,0.14822134387353358,-1.0085638998682422,-1.7297430830039429,-2.213833992094849,-2.503623188405779,-1
AGFS,2015-04-16,0.0,0.0,0.0,0.0,0.0,10.12,1.304347826086949,0.4644268774703697,-0.7779973649538752,-1.527173913043467,-2.0478260869565057,-2.381752305665341,0
AGFS,2015-04-17,0.0,0.0,0.0,-0.6916996047430679,-0.6916996047430679,10.05,1.333333333333342,1.2835820895522154,0.09883913764510144,-0.6721393034825884,-1.2262686567164227,-1.6023217247097765,-1
AGFS,2015-04-20,0.0,0.0,0.0,0.0,0.0,10.05,0.6567164179104301,1.4029850746268613,0.27794361525705913,-0.5029850746268827,-1.0869651741293507,-1.4862354892205887,0
AGFS,2015-04-21,0.29940119760480943,0.29940119760480943,0.0,-0.29850746268658135,-0.29850746268658135,10.02,0.5189620758482949,1.7964071856287456,0.7252162341982782,-0.07035928143712677,-0.6630738522954149,-1.084830339321341,0
AGFS,2015-04-22,0.0,0.0,0.0,0.0,0.0,10.02,0.3193612774451182,1.377245508982039,0.8715901530272907,0.0643712574850408,-0.5353293413173588,-0.9783765801729905,0
AGFS,2015-04-23,0.0,0.0,0.0,0.0,0.0,10.02,0.11976047904191933,1.21756487025948,1.0179640718563032,0.18912175648702068,-0.411576846307371,-0.8719228210246177,0
AGFS,2015-04-24,0.0,0.0,0.0,0.1996007984031989,0.1996007984031989,10.04,-0.09960159362549792,0.667330677290856,0.8897742363877859,0.12400398406375857,-0.4784860557768833,-0.9565073041168604,0
AGFS,2015-04-27,0.0,0.0,0.0,0.0,0.0,10.04,-0.11952191235058418,0.3187250996016022,0.9628154050464799,0.2534860557769081,-0.34701195219122294,-0.8436254980079494,0
AGFS,2015-04-28,-0.4950495049504844,0.0,-0.4950495049504844,0.5976095617529875,0.5976095617529875,10.1,-0.5544554455445438,-0.4158415841584162,0.47524752475247567,-0.19306930693070434,-0.8003960396039678,-1.3006600660065981,1
AGFS,2015-04-29,-0.2970297029702862,0.0,-0.2970297029702862,0.0,0.0,10.1,-0.3960396039604075,-0.43564356435642493,0.25082508250826585,-0.044554455445544594,-0.6617821782178179,-1.1686468646864623,0
AGFS,2015-04-30,3.9689387402933596,15.185504745470224,-2.674719585849872,14.752475247524766,14.752475247524766,11.59,-10.491803278688538,-11.967213114754106,-11.826287029048032,-12.122519413287325,-12.804486626402078,-13.333620937589874,1
AGFS,2015-05-01,-4.096989966555187,1.1705685618728978,-4.096989966555187,3.1924072476272825,3.1924072476272825,11.96,-10.050167224080287,-13.093645484949834,-13.678929765886295,-13.992474916387964,-14.769565217391312,-15.387681159420296,1
AGFS,2015-05-04,0.4212299915754114,2.2746419545071728,-1.8534119629317503,-0.7525083612040295,-0.7525083612040295,11.87,-6.284751474304972,-10.90143218197136,-12.193204156135916,-12.52316764953665,-13.41903959561922,-14.139567537208642,-1
AGFS,2015-05-05,2.923473774720553,3.095442820292349,-0.8598452278590019,-2.0219039595619104,-2.0219039595619104,11.63,-1.7196904557179815,-7.678417884780764,-9.584408139868172,-9.98710232158212,-11.002579535683576,-11.828890799656067,-1
AGFS,2015-05-06,2.7312775330396555,3.083700440528636,-0.9251101321585908,-2.4075666380051652,-2.4075666380051652,11.35,2.907488986784168,-4.229074889867834,-6.631424375917783,-7.365638766519822,-8.260792951541852,-9.183847283406754,-1
AGFS,2015-05-07,2.2421524663677195,2.4215246636771326,0.0,-1.7621145374449254,-1.7621145374449254,11.15,3.964125560538112,-1.4977578475336317,-4.340807174887907,-5.269058295964124,-6.130941704035875,-7.142301943198792,-1
AGFS,2015-05-08,-1.244444444444448,0.0,-3.733333333333333,0.8968609865470878,0.8968609865470878,11.25,1.777777777777767,-1.2977777777777866,-4.479999999999995,-5.7288888888888945,-6.495999999999991,-7.529185185185194,1
AGFS,2015-05-11,-1.6028495102404228,1.1576135351736294,-2.048085485307216,-0.1777777777777767,-0.1777777777777767,11.23,0.8192341941228642,-0.0623330365093433,-3.6093796378747434,-5.186999109528045,-5.866429207479973,-6.934105075690122,0
AGFS,2015-05-12,0.08936550491509543,0.8936550491510209,-1.2511170688114248,-0.3561887800534347,-0.3561887800534347,11.19,0.39320822162645097,1.2689901697944483,-2.5677688412272692,-4.423592493297579,-5.079535299374427,-6.187071790288934,0
AGFS,2015-05-13,0.44642857142858094,0.8928571428571619,-1.7857142857142794,0.08936550491509543,0.08936550491509543,11.2,0.03571428571429447,2.1607142857142936,-1.9523809523809388,-4.026785714285719,-4.892857142857132,-5.854166666666649,0
AGFS,2015-05-14,-2.595155709342567,1.384083044982698,-5.449826989619389,3.214285714285725,3.214285714285725,11.56,-2.3702422145328805,-1.0467128027681682,-4.117647058823537,-6.392733564013852,-7.377162629757783,-8.27854671280277,1
AGFS,2015-05-15,-0.5185825410544576,1.5557476231633505,-1.9014693171996555,0.08650519031141446,0.08650519031141446,11.57,-1.9014693171996555,-1.4693171996542742,-3.3189282627484884,-5.816767502160758,-7.049265341400169,-7.885335638144619,0
AGFS,2015-05-18,0.5181347150259086,0.8635578583765069,-0.08635578583764403,0.08643042350906516,0.08643042350906516,11.58,-1.3816925734024155,-1.804835924006909,-2.5158318940702307,-5.237478411053543,-6.71848013816928,-7.489925158318933,0
AGFS,2015-05-19,0.6134969325153339,2.1034180543382908,-0.876424189307623,-1.4680483592400706,-1.4680483592400706,11.41,0.47326906222611154,-0.534618755477656,-0.29798422436457805,-3.2164767747589806,-4.918492550394382,-5.679228746713427,-1
AGFS,2015-05-20,-2.4347826086956514,0.6086956521739184,-2.60869565217392,0.7887817703768674,0.7887817703768674,11.5,0.20869565217391806,-1.1826086956521653,-0.2666666666666706,-3.3304347826086933,-5.182608695652158,-6.110144927536243,1
AGFS,2015-05-21,-2.2939677145284554,1.954120645709434,-2.7187765505522488,2.347826086956517,2.347826086956517,11.77,-1.733220050977069,-2.922684791843666,-2.45256301331066,-4.804587935429061,-6.796941376380616,-7.813650523930892,1
AGFS,2015-05-22,-0.6734006734006703,1.0101010101009944,-3.0303030303030387,0.9345794392523477,0.9345794392523477,11.88,-2.1212121212121238,-3.2912457912457893,-3.400673400673404,-4.911616161616172,-7.043771043771063,-8.249158249158251,1
AGFS,2015-05-26,1.4554794520547976,1.4554794520547976,-0.25684931506848585,-1.683501683501687,-1.683501683501687,11.68,-0.2739726027397249,-1.2499999999999956,-1.8550228310502348,-2.5813356164383627,-4.893835616438357,-6.309931506849297,-1
AGFS,2015-05-27,1.206896551724146,1.2931034482758674,-0.8620689655172376,-0.6849315068493178,-0.6849315068493178,11.6,0.7413793103448141,-0.21551724137931494,-1.1954022988505675,-1.2629310344827394,-3.6931034482758474,-5.272988505747122,-1
AGFS,2015-05-28,2.3029229406554608,3.144375553587242,-0.7971656333038091,-2.6724137931034564,-2.6724137931034564,11.29,3.1355181576616653,2.604074402125778,1.4821375848834029,1.975199291408325,-0.5987599645704167,-2.3265426631236985,-1
AGFS,2015-05-29,-1.687388987566607,1.7761989342806483,-1.687388987566607,-0.26572187776793266,-0.26572187776793266,11.26,2.5044404973356915,2.6110124333925233,1.8176435760805187,2.1003552397868663,0.1065719360568318,-1.7288336293664885,0
AGFS,2015-06-01,-0.3527336860670083,0.6172839506172867,-0.3527336860670083,0.7104795737122638,0.7104795737122638,11.34,0.8289241622574828,1.684303350970029,1.152263374485596,1.1067019400352818,-0.14109347442679,-2.042915931804823,1
AGFS,2015-06-02,1.8850987432674993,2.333931777378817,-0.4488330341113178,-1.7636684303350858,-1.7636684303350858,11.14,1.6696588868940543,3.114901256732483,2.9144225014960945,2.594254937163365,2.046678635547572,0.04189108318373158,-1
AGFS,2015-06-03,-0.8984725965858198,1.5274034141958603,-0.8984725965858198,-0.08976660682226134,-0.08976660682226134,11.13,0.9164420485175295,2.955974842767284,2.9709493860437197,2.4618149146450996,2.5085354896675405,0.4642108415693347,0
AGFS,2015-06-04,1.689497716894972,1.82648401826484,-0.45662100456620447,-1.6172506738544645,-1.6172506738544645,10.95,1.9543378995434013,4.1461187214612005,4.51141552511416,3.96347031963471,4.504109589041105,2.3987823439878264,-1
AGFS,2015-06-05,-0.09107468123861207,0.6375227686703067,-0.6375227686703178,0.273972602739736,0.273972602739736,10.98,1.1657559198542833,3.1420765027322384,3.87370977534911,3.6020036429872393,3.996357012750451,2.4104432301153667,0
AGFS,2015-06-08,2.027649769585249,2.304147465437789,-1.0138248847926246,-1.1839708561020124,-1.1839708561020124,10.85,1.4746543778801913,3.4285714285714253,4.675883256528435,4.658986175115221,4.833179723502323,3.8863287250384015,-1
AGFS,2015-06-09,1.486988847583648,1.5799256505576231,-1.3940520446096727,-0.8294930875575979,-0.8294930875575979,10.76,1.6171003717472265,3.438661710037172,5.043370508054523,5.315985130111511,5.297397769516721,4.978314745972745,-1
AGFS,2015-06-10,-3.3777777777777795,0.8888888888888946,-3.3777777777777795,4.553903345724919,4.553903345724919,11.25,-2.595555555555551,-1.3777777777777667,0.3733333333333366,0.7555555555555538,0.5759999999999987,0.7466666666666733,1
AGFS,2015-06-11,1.1596788581623496,2.5869759143621662,0.0,-0.3555555555555534,-0.3555555555555534,11.21,-1.7841213202497652,-1.0972346119536236,0.5590246803449217,1.1195361284567218,0.8849241748438708,1.4362176628010648,0
AGFS,2015-06-12,-0.3542958370239102,1.5234720992028494,-1.5766164747564093,0.7136485280998972,0.7136485280998972,11.29,-1.9309123117803417,-1.7714791851195733,-0.43696486566282555,0.2834366696191415,0.21966341895482966,0.6288751107174528,1
AGFS,2015-06-15,-0.8833922261484051,2.473498233215543,-1.9434628975265045,0.26572187776794376,0.26572187776794376,11.32,-1.3604240282685476,-2.049469964664319,-1.03062426383983,-0.09275618374559036,-0.021201413427562876,0.17373380447585074,0
AGFS,2015-06-16,-0.43859649122807154,2.017543859649118,-0.43859649122807154,0.7067137809187329,0.7067137809187329,11.4,-0.9298245614035028,-2.5087719298245603,-1.8888888888888955,-0.872807017543864,-0.6631578947368433,-0.6666666666666599,1
AGFS,2015-06-17,-0.6102877070619073,1.3513513513513375,-0.8718395815170088,0.6140350877193113,0.6140350877193113,11.47,-1.1508282476024534,-2.8073234524847557,-2.563208369659997,-1.4516129032258185,-1.1717523975588562,-1.3193839000290586,1
AGFS,2015-06-18,0.616197183098599,1.232394366197198,-3.080985915492951,-0.959023539668713,-0.959023539668713,11.36,0.07042253521127861,-1.5052816901408361,-1.5786384976525736,-0.5589788732394352,-0.15845070422534357,-0.3609154929577474,-1
AGFS,2015-06-19,0.17621145374449032,0.35242290748900285,-0.9691629955947079,-0.08802816901408717,-0.08802816901408717,11.35,0.2643171806167244,-1.0925110132158466,-1.4390602055800228,-0.6563876651982214,-0.14449339207048828,-0.21439060205579175,0
AGFS,2015-06-22,-2.7444253859348233,0.42881646655232863,-2.8301886792452824,2.7312775330396555,2.7312775330396555,11.66,-1.8181818181818188,-3.027444253859346,-3.8765008576329363,-3.3919382504288165,-2.7684391080617377,-2.7501429388221976,1
AGFS,2015-06-23,0.08643042350906516,0.9507346585998278,-1.382886776145209,-0.7718696397941649,-0.7718696397941649,11.57,-0.7605877268798578,-1.573033707865168,-2.8810141169691827,-2.6879861711322395,-2.015557476231633,-1.895707288965709,-1
AGFS,2015-06-24,-0.1721170395869165,0.8605851979346157,-1.03270223752151,0.4321521175453702,0.4321521175453702,11.62,-0.9294320137693712,-1.678141135972444,-3.0177854274239913,-3.098106712564541,-2.364888123924258,-2.1944922547331935,0
AGFS,2015-06-25,-1.6129032258064502,0.8488964346349936,-1.6129032258064502,1.376936316695354,1.376936316695354,11.78,-1.5619694397283501,-2.529711375212229,-3.8653084323712394,-4.206281833616298,-3.5959252971137556,-3.3588002263723826,1
AGFS,2015-06-26,0.0849617672047609,0.1699235344095218,-0.5097706032285321,-0.0848896434634927,-0.0848896434634927,11.77,-0.7646559048428148,-2.039082412914195,-3.3361653922401646,-3.908241291418857,-3.5140186915887717,-3.217218918153486,0
AGFS,2015-06-29,-0.5084745762711895,0.4237288135593209,-0.8474576271186529,0.2548853016142827,0.2548853016142827,11.8,-0.7796610169491625,-1.881355932203399,-3.045197740113015,-3.9576271186440692,-3.7864406779660964,-3.3983050847457785,0
AGFS,2015-06-30,-5.76000000000001,1.519999999999988,-6.159999999999998,5.932203389830493,5.932203389830493,12.5,-4.847999999999997,-6.496000000000013,-7.546666666666669,-8.792,-8.911999999999987,-8.562666666666674,1
AGFS,2015-07-01,-0.3961965134706702,2.61489698890649,-1.8225039619651273,0.9599999999999831,0.9599999999999831,12.62,-4.167987321711564,-6.473851030110922,-7.702060221870044,-9.06893819334389,-9.45483359746435,-9.11251980982566,1
AGFS,2015-07-02,0.6349206349206327,2.3015873015873156,-1.5873015873015817,-0.15847860538826808,-0.15847860538826808,12.6,-2.7142857142857135,-5.341269841269847,-6.820105820105827,-8.269841269841272,-8.895238095238089,-8.677248677248661,0
AGFS,2015-07-06,-1.562500000000011,0.07812499999999556,-2.1093750000000133,1.5873015873016039,1.5873015873016039,12.8,-2.6249999999999996,-5.687500000000012,-7.489583333333338,-8.992187499999993,-9.83750000000001,-9.835937500000014,1
AGFS,2015-07-07,-1.000769822940728,1.6936104695919996,-1.3086989992301734,1.4843750000000044,1.4843750000000044,12.99,-2.2170900692840667,-6.043110084680525,-7.985629971773156,-9.499615088529634,-10.648190916089305,-10.869899923017712,1
AGFS,2015-07-08,0.23130300693907646,0.6168080185042335,-0.7710100231303141,-0.15396458814472824,-0.15396458814472824,12.97,-1.3415574402467323,-4.818812644564375,-7.03675147776921,-8.508095605242872,-9.946029298380887,-10.400925212027756,0
AGFS,2015-07-09,1.4832162373145996,1.4832162373145996,-0.4683840749414525,-1.233616037008478,-1.233616037008478,12.81,0.18735362997657212,-2.701014832162374,-5.178246161852728,-6.756440281030452,-8.296643247462931,-8.966952901379122,-1
AGFS,2015-07-10,1.420678768745054,1.7363851617995252,-0.5524861878453025,-1.0928961748633892,-1.0928961748633892,12.67,1.404893449092337,-0.9234411996842828,-3.4411996842936055,-5.1499605367008705,-6.740331491712714,-7.598000526177328,-1
AGFS,2015-07-13,-0.6274509803921524,0.23529411764704466,-3.37254901960784,0.6314127861089203,0.6314127861089203,12.75,0.690196078431371,-0.7764705882353007,-3.315032679738561,-5.172549019607842,-6.7701960784313675,-7.788235294117651,1
AGFS,2015-07-14,0.0,0.7843137254901933,-1.560784313725494,0.0,0.0,12.75,0.31372549019608176,-0.031372549019603735,-2.7450980392156876,-4.611764705882349,-6.17411764705883,-7.419607843137266,0
AGFS,2015-07-15,-0.5468750000000022,0.7031250000000044,-0.6249999999999978,0.39215686274509665,0.39215686274509665,12.8,-0.3437499999999982,-0.1875000000000071,-2.4843749999999942,-4.437499999999995,-5.9031249999999975,-7.348958333333345,0
AGFS,2015-07-16,1.1023622047244164,1.2598425196850505,-0.07874015748031704,-0.7812500000000111,-0.7812500000000111,12.7,0.2677165354330713,0.6614173228346676,-1.149606299212591,-3.2007874015748006,-4.705511811023621,-6.207349081364832,-1
AGFS,2015-07-17,0.4758128469468659,1.5067406819984308,-0.3965107057890438,-0.7086614173228312,-0.7086614173228312,12.61,0.888183980967483,1.3877874702616921,-0.005286809410531834,-2.014274385408421,-3.581284694686737,-5.099127676447257,-1
AGFS,2015-07-20,0.7536691788972538,1.5470051566838672,-0.19833399444665334,-0.03965107057889439,-0.03965107057889439,12.605,0.6981356604522038,1.273304244347484,0.4760015866719369,-1.477588258627538,-3.125743752479193,-4.6317598836440705,0
AGFS,2015-07-21,0.8785942492012921,1.8370607028753927,-0.23961661341852514,-0.6743355811186125,-0.6743355811186125,12.52,1.0143769968051108,1.5854632587859463,1.5415335463258684,-0.46525559105432546,-2.0846645367412098,-3.5396698615548394,-1
AGFS,2015-07-22,1.7656500802568198,2.0866773675762396,-0.8025682182985716,-0.4792332268370503,-0.4792332268370503,12.46,0.955056179775271,1.6653290529694997,2.009095773140701,0.3711878009630798,-1.2728731942215243,-2.620385232744793,0
AGFS,2015-07-23,1.2126111560226471,1.2126111560226471,-1.2934518997574695,-0.7223113964687111,-0.7223113964687111,12.37,1.1560226354082603,2.0493128536782645,2.616545405551074,1.4046079223928976,-0.26354082457556993,-1.610078146052274,-1
AGFS,2015-07-24,1.6393442622950838,1.6393442622950838,-0.901639344262295,-1.3742926434923142,-1.3742926434923142,12.2,1.893442622950836,3.086065573770491,3.8278688524590265,2.989754098360664,1.4016393442622954,0.031420765027334596,-1
AGFS,2015-07-27,3.544303797468351,3.544303797468351,-0.25316455696201556,-2.868852459016391,-2.868852459016391,11.85,3.6286919831223674,5.371308016877641,6.360056258790436,6.065400843881852,4.565400843881884,3.1434599156118237,-1
AGFS,2015-07-28,0.0,0.33698399326032025,-0.9267059814658807,0.16877637130801038,0.16877637130801038,11.87,2.3588879528222417,4.45240101095199,5.551811288963759,5.916175231676513,4.45998315080034,3.1241224375175625,0
AGFS,2015-07-29,0.6762468300929747,1.4370245139475823,-0.7607776838546076,-0.33698399326030914,-0.33698399326030914,11.83,1.6398985629754836,3.98562975486052,5.266272189349097,5.991124260355041,4.90109890109891,3.5939701324316564,0
AGFS,2015-07-30,-0.6739679865206405,1.095197978096052,-0.8424599831508006,0.33812341504648735,0.33812341504648735,11.87,0.45492839090144344,2.9359730412805485,4.383600112328012,5.318028643639439,4.63184498736311,3.3572030328559377,0
AGFS,2015-07-31,-0.5000000000000004,2.416666666666667,-4.083333333333339,1.095197978096052,1.095197978096052,12.0,-0.9666666666666601,1.3124999999999831,2.880555555555553,3.9270833333333366,3.571666666666684,2.415277777777769,1
AGFS,2015-08-03,4.166666666666674,4.75000000000001,-3.6666666666666625,0.0,0.0,12.0,-0.7166666666666655,0.808333333333322,2.4638888888888877,3.5937499999999956,3.64833333333332,2.5958333333333306,0
AGFS,2015-08-04,0.0,0.0,0.0,0.0,0.0,12.0,-0.49999999999998934,0.374999999999992,2.0472222222222225,3.181250000000002,3.7149999999999794,2.690277777777772,0
AGFS,2015-08-05,-0.42016806722690037,0.8403361344537785,-0.42016806722690037,-0.8333333333333304,-0.8333333333333304,11.9,0.45378151260502264,0.7478991596638673,2.4005602240896318,3.59873949579832,4.384873949579804,3.645658263305318,-1
AGFS,2015-08-06,2.564102564102577,2.564102564102577,-0.42735042735041473,-1.6806722689075682,-1.6806722689075682,11.7,1.8803418803418959,1.8974358974359173,3.5811965811965774,4.895299145299137,5.854700854700834,5.44017094017093,-1
AGFS,2015-08-07,1.298701298701288,1.298701298701288,-0.34632034632035014,-1.2820512820512664,-1.2820512820512664,11.55,2.4242424242424176,2.658008658008648,4.314574314574338,5.772727272727285,6.865800865800864,6.74314574314574,-1
AGFS,2015-08-10,1.2356575463371655,2.471315092674309,-1.1473962930273696,-1.904761904761909,-1.904761904761909,11.33,3.2303618711385873,4.192409532215358,5.5898793762871435,7.199911738746678,8.42188879082084,8.686378346572532,-1
AGFS,2015-08-11,1.2658227848101111,2.0795660036166286,-0.3616636528029016,-2.383053839364513,-2.383053839364513,11.06,4.050632911392382,6.00361663652802,7.287522603978314,9.052893309222409,10.370705244122957,11.116636528028923,-1
AGFS,2015-08-12,1.1861313868613,1.1861313868613,-0.45620437956205295,-0.9041591320072317,-0.9041591320072317,10.96,3.2846715328467058,6.177007299270065,7.354014598540148,9.208485401459843,10.64416058394162,11.662104622871027,-1
AGFS,2015-08-13,1.9372693726937396,2.075645756457556,0.0,-1.0948905109489093,-1.0948905109489093,10.84,2.8413284132841277,6.402214022140207,7.601476014760156,9.55950184501846,11.142066420664221,12.350861008610092,-1
AGFS,2015-08-14,0.4055299539170498,1.382488479262678,-0.6635944700460805,0.09225092250921829,0.09225092250921829,10.85,1.456221198156693,5.244239631336423,6.672811059907846,8.647465437788027,10.36866359447004,11.709677419354826,0
AGFS,2015-08-17,0.09099181073703999,1.455868971792551,-0.36396724294813776,1.2903225806451646,1.2903225806451646,10.99,-0.45495905368515555,2.984531392174694,4.792235365483788,6.52866242038217,8.322111010009102,9.73764027904156,1
AGFS,2015-08-18,9.306930693069294,9.306930693069294,-0.990099009900991,-8.098271155596004,-8.098271155596004,10.1,6.4158415841584215,10.178217821782187,12.858085808580878,14.71782178217822,16.81782178217821,18.45379537953795,-1
AGFS,2015-08-19,2.4340770791074995,3.9553752535496978,-0.10141987829613841,-2.3762376237623783,-2.3762376237623783,9.86,6.774847870182565,10.791075050709953,14.273157538877633,16.19168356997973,18.468559837728193,20.28566599053414,-1
AGFS,2015-08-20,1.5544041450777257,2.590673575129543,-1.5544041450777257,-2.129817444219062,-2.129817444219062,9.65,6.632124352331603,11.077720207253883,15.226252158894638,17.31088082901553,19.78238341968912,21.811744386873897,-1
AGFS,2015-08-21,-1.642710472279263,5.133470225872694,-1.642710472279263,0.932642487046631,0.932642487046631,9.74,3.3675564681724834,8.193018480492809,12.61464750171115,14.964065708418905,17.49691991786446,19.683436002737853,1
AGFS,2015-08-24,-2.4316109422492294,0.0,-7.892603850050661,1.3347022587268942,1.3347022587268942,9.87,-0.26342451874367123,5.28875379939211,9.692671394799056,12.446808510638308,14.84093211752786,17.13441404930769,1
AGFS,2015-08-25,2.865916069600827,5.015353121801436,-0.3070624360286489,-1.0131712259371817,-1.0131712259371817,9.77,0.08188331627432266,5.0460593654042984,9.293756397134079,12.523029682702159,14.890481064483119,17.31661548959402,-1
AGFS,2015-08-26,-2.2885572139303534,3.0845771144278444,-2.487562189054726,2.865916069600827,2.865916069600827,10.05,-2.328358208955239,1.213930348258696,5.021558872305132,8.502487562189053,10.730348258706446,13.135986733001669,1
AGFS,2015-08-27,-0.9765625,0.0,-1.5625,1.8905472636815857,1.8905472636815857,10.24,-2.988281249999991,-1.2499999999999956,2.122395833333335,5.693359374999973,7.843749999999994,10.23600260416666,1
AGFS,2015-08-28,2.6026026026026106,3.703703703703698,-1.1011011011010985,-2.44140625,-2.44140625,9.99,-0.06006006006006315,0.3603603603603567,3.636970303636944,7.332332332332325,9.65765765765767,12.120453787120455,-1
AGFS,2015-08-31,0.7172131147541005,3.5860655737704805,-0.2049180327868827,-2.302302302302306,-2.302302302302306,9.76,2.0696721311475486,1.465163934426239,5.006830601092926,8.714139344262284,11.385245901639319,13.790983606557372,-1
AGFS,2015-09-01,0.10256410256410664,2.051282051282044,-0.6153846153846176,-0.10245901639344135,-0.10245901639344135,9.75,2.1333333333333426,1.210256410256405,4.21880341880343,7.671794871794857,10.62974358974358,12.960683760683779,0
AGFS,2015-09-02,0.10362694300518616,1.2642487046632178,-1.1398963730570033,-1.025641025641022,-1.025641025641022,9.65,2.362694300518142,2.0414507772020585,4.393782383419675,7.621761658031079,10.872538860103642,13.160621761657998,-1
AGFS,2015-09-03,-1.2269938650306678,1.4314928425357865,-1.2269938650306678,1.3471502590673534,1.3471502590673534,9.78,0.06134969325153339,0.8179959100204526,2.2835719154737477,5.209611451942742,8.5439672801636,10.773687798227694,1
AGFS,2015-09-04,-2.219979818365292,1.3118062563067578,-2.825428859737633,1.3292433537832382,1.3292433537832382,9.91,-1.4127144298688221,-0.33299697275480655,0.3094517322569601,3.0020181634712317,6.2764883955600315,8.55028590649174,1
AGFS,2015-09-08,-3.495145631067975,1.0679611650485477,-3.9805825242718473,3.9354187689202957,3.9354187689202957,10.3,-4.097087378640785,-3.6893203883495262,-3.9352750809061643,-1.3980582524271812,1.5922330097087434,3.9385113268608496,1
AGFS,2015-09-09,5.583756345177671,6.294416243654832,-3.147208121827416,-4.368932038834961,-4.368932038834961,9.85,0.4873096446700531,0.7918781725888335,0.28426395939085136,2.4923857868020205,5.360406091370562,8.00338409475465,-1
AGFS,2015-09-10,-1.2084592145015005,3.423967774420955,-1.2084592145015005,0.8121827411167626,0.8121827411167626,9.93,0.24169184290030454,-0.14098690835849803,-0.47667002349780496,1.148036253776441,3.718026183282963,6.495468277945626,1
AGFS,2015-09-11,-0.5000000000000115,1.5000000000000124,-0.5000000000000115,0.7049345417925457,0.7049345417925457,10.0,-0.019999999999986695,-1.0800000000000032,-0.9399999999999964,0.019999999999997797,2.312000000000003,5.126666666666657,1
AGFS,2015-09-14,0.5055611729019027,1.1122345803842304,-1.4155712841253831,-1.0999999999999899,-1.0999999999999899,9.89,1.0515672396359976,-0.08088978766429555,0.26289180990897165,0.647118301314431,2.778564206268941,5.584765756656562,-1
AGFS,2015-09-15,-2.1739130434782483,2.2727272727272707,-2.1739130434782483,2.325581395348819,2.325581395348819,10.12,-1.6007905138339829,-1.996047430830017,-1.8511198945981522,-2.070158102766806,-0.03557312252963074,2.5658761528327023,1
AGFS,2015-09-16,1.7017017017016967,2.0020020020020013,-0.30030030030029353,-1.2845849802371467,-1.2845849802371467,9.99,-0.0400400400400347,-0.480480480480483,-0.4270937604270775,-0.8508508508508594,0.8368368368368406,3.229896563229895,-1
AGFS,2015-09-17,-1.7769002961500635,1.2833168805528095,-1.875616979269512,1.4014014014014142,1.4014014014014142,10.13,-1.0266535044422653,-1.3820335636722803,-1.7505758473182143,-2.0878578479763155,-0.8845014807502549,1.220796314577166,1
AGFS,2015-09-18,0.40000000000000036,2.499999999999991,-1.7000000000000015,-1.2833168805528206,-1.2833168805528206,10.0,0.25999999999999357,0.12000000000000899,-0.6333333333333302,-0.6399999999999961,0.06800000000000139,1.970000000000005,-1
AGFS,2015-09-21,-2.3483365949119372,1.2720156555772855,-2.3483365949119372,2.200000000000002,2.200000000000002,10.22,-1.2524461839530376,-1.7318982387475645,-2.6223091976516733,-2.5440313111546153,-2.3326810176125257,-0.6588388780169652,1
AGFS,2015-09-22,-1.1695906432748426,0.974658869395717,-1.5594541910331383,0.3913894324853118,0.3913894324853118,10.26,-1.3645224171539794,-2.1539961013645192,-2.6770630279402408,-2.7339181286549885,-2.9980506822611996,-1.3937621832358693,0
AGFS,2015-09-23,1.5841584158415856,2.4752475247524774,-1.2871287128712772,-1.5594541910331383,-1.5594541910331383,10.1,0.4158415841584162,-0.35643564356435675,-0.9042904290428977,-1.0297029702970195,-1.4613861386138516,-0.14851485148513754,-1
AGFS,2015-09-24,4.145077720207246,4.145077720207246,-0.4145077720207335,-4.455445544554449,-4.455445544554449,9.65,4.1036269430051675,3.9999999999999813,3.7167530224524903,3.378238341968909,3.046632124352344,4.055267702936094,-1
AGFS,2015-09-25,3.644158628081451,5.680600214362275,-2.0364415862808127,-3.3160621761658016,-3.3160621761658016,9.33,6.237942122186513,6.848874598070731,6.952483029653456,6.436227224008562,6.443729903536988,7.084673097534844,-1
AGFS,2015-09-28,17.462311557788944,18.718592964824122,-0.12562814070351536,-14.683815648445876,-14.683815648445876,7.96,18.844221105527637,22.814070351758797,23.726968174204366,23.479899497487455,23.86934673366834,24.304857621440547,-1
AGFS,2015-09-29,4.712041884816753,4.712041884816753,-6.675392670157065,-4.02010050251257,-4.02010050251257,7.64,16.963350785340324,24.71204188481677,26.58813263525306,27.264397905759164,27.890052356020934,28.049738219895293,-1
AGFS,2015-09-30,-3.2745591939546737,2.015113350125941,-7.17884130982368,3.9267015706806463,3.9267015706806463,7.94,7.103274559193951,17.41813602015114,20.2015113350126,21.316120906800972,22.136020151133494,22.304785894206546,1
AGFS,2015-10-01,-2.7946537059538312,1.4580801944106936,-5.2247873633049835,3.652392947103267,3.652392947103267,8.23,-0.12150668286755595,10.972053462940456,14.58890238963142,16.17861482381531,16.947752126366943,17.334953422438225,1
AGFS,2015-10-02,-2.7479091995220917,3.584229390681015,-2.7479091995220917,1.7010935601457833,1.7010935601457833,8.37,-4.0860215053763245,7.16845878136203,11.37395459976107,13.393070489844705,14.09796893667863,14.862604540023906,1
AGFS,2015-10-05,-3.9908779931584926,1.8244013683010207,-3.9908779931584926,4.77897252090802,4.77897252090802,8.77,-6.613454960091203,0.6271379703534752,5.442797415431411,7.571265678449279,8.337514253135714,9.25503610794376,1
AGFS,2015-10-06,2.5882352941176467,3.0588235294117583,-2.2352941176470575,-3.078677309007982,-3.078677309007982,8.5,-1.6235294117647014,1.7529411764705793,7.52156862745097,9.929411764705875,11.185882352941157,12.188235294117632,-1
AGFS,2015-10-07,1.7878426698450411,1.7878426698450411,-3.0989272943980906,-1.2941176470588123,-1.2941176470588123,8.39,0.7389749702026327,1.0488676996424307,7.659912594358365,10.500595947556612,11.995232419547076,13.110846245530382,-1
AGFS,2015-10-08,-0.11961722488037507,0.3588516746411585,-2.511961722488032,-0.35756853396902155,-0.35756853396902155,8.36,1.4114832535885302,-0.1315789473684159,6.634768740031904,9.958133971291861,11.77990430622009,12.842902711323756,0
AGFS,2015-10-09,1.2019230769230616,2.163461538461542,-1.4423076923077094,-0.4784688995215225,-0.4784688995215225,8.32,1.7788461538461586,-0.8653846153846012,5.801282051282031,9.47716346153844,11.615384615384627,12.616185897435873,0
AGFS,2015-10-12,0.0,1.2048192771084265,-1.6867469879518149,-0.24038461538461453,-0.24038461538461453,8.3,0.8915662650602174,-0.21686746987952255,4.514056224899599,8.783132530120463,11.108433734939771,12.208835341365454,0
AGFS,2015-10-13,1.2269938650306678,3.6809815950920033,-0.4907975460122782,-1.8072289156626509,-1.8072289156626509,8.15,1.889570552147224,2.2453987730061575,4.711656441717782,9.576687116564408,12.098159509202455,13.615541922290376,-1
AGFS,2015-10-14,0.7398273736128225,2.0961775585696563,-1.6029593094944339,-0.4907975460122782,-0.4907975460122782,8.11,1.7016029593095006,2.95930949445129,3.592272914097827,8.9580764488286,11.792848335388406,13.501849568434032,0
AGFS,2015-10-15,1.2391573729863659,1.6109045848822667,-0.9913258983890949,-0.4932182490752002,-0.4932182490752002,8.07,1.486988847583648,3.271375464684012,2.800495662949176,8.22180916976456,11.425030978934325,13.411813300289133,0
AGFS,2015-10-16,1.7699115044247815,5.8154235145385424,-1.1378002528445008,-1.9826517967781898,-1.9826517967781898,7.91,2.5031605562578996,4.778761061946901,3.6831015592077687,9.089759797724417,12.621997471554991,14.917825537294549,-1
AGFS,2015-10-19,-1.6189290161892744,0.6226650062266526,-3.1382316313823155,1.5170670037926604,1.5170670037926604,8.03,0.298879202988811,2.291407222914077,2.1917808219178214,6.095890410958926,10.01245330012457,12.420091324200921,1
AGFS,2015-10-20,-0.12484394506866447,0.6242197253433224,-1.3732833957552981,-0.24906600249064992,-0.24906600249064992,8.01,0.19975031210985872,1.9350811485643105,2.7548897211818524,4.95630461922596,9.233458177278408,11.74781523096129,0
AGFS,2015-10-21,0.5006257822277815,1.126408010012514,-0.7509386733416834,-0.24968789013731785,-0.24968789013731785,7.99,0.1501877346683278,1.68961201501876,3.0538172715894873,3.8986232790988895,8.50563204005006,11.25156445556945,0
AGFS,2015-10-22,2.8241335044929317,4.621309370988458,-1.2836970474967901,-2.50312891113893,-2.50312891113893,7.79,2.0025673940949895,3.568677792041086,5.32306375695335,5.372272143774048,10.08985879332478,13.192126658108695,-1
AGFS,2015-10-23,-1.2578616352201366,0.37735849056603765,-1.2578616352201366,2.0539152759948776,2.0539152759948776,7.95,0.05031446540879614,1.0188679245282994,2.8511530398322993,2.383647798742139,6.842767295597474,10.05450733752622,1
AGFS,2015-10-26,2.0539152759948776,5.134788189987161,-1.2836970474967901,-2.012578616352201,-2.012578616352201,7.79,1.4890885750962868,2.4390243902439046,4.124946512623007,4.377406931964067,7.789473684210524,11.416345742404799,-1
AGFS,2015-10-27,5.135135135135127,5.135135135135127,-2.297297297297296,-5.006418485237485,-5.006418485237485,7.4,5.189189189189203,6.824324324324316,8.62162162162161,9.71621621621621,11.924324324324331,16.063063063063066,-1
AGFS,2015-10-28,6.4562410329985775,6.4562410329985775,-0.8608321377331363,-5.810810810810818,-5.810810810810818,6.97,8.751793400286957,11.779053084648483,13.964610234337638,15.789096126255387,17.032998565279776,21.779053084648492,-1
AGFS,2015-10-29,2.7859237536656867,6.011730205278587,-2.1994134897360795,-2.152080344332852,-2.152080344332852,6.82,8.299120234604107,12.404692082111435,14.965786901270771,17.30205278592374,17.947214076246333,22.839687194525894,-1
AGFS,2015-10-30,-3.2531824611032545,0.8486562942008335,-3.536067892503536,3.665689149560114,3.665689149560114,7.07,1.9801980198019598,7.241867043847239,9.72182932578971,12.23479490806223,12.49787835926448,17.114568599717096,1
AGFS,2015-11-02,0.7092198581560183,2.553191489361706,-0.99290780141843,-0.28288543140029265,-0.28288543140029265,7.05,0.17021276595745594,6.15602836879432,8.851063829787243,11.33333333333335,12.300709219858152,15.947990543735235,0
AGFS,2015-11-03,-1.81818181818183,0.9790209790209614,-1.9580419580419672,1.4184397163120588,1.4184397163120588,7.15,-1.930069930069933,3.468531468531477,6.396270396270398,8.832167832167826,10.455944055944055,12.876456876456865,1
AGFS,2015-11-04,-1.9257221458046758,0.687757909215958,-2.3383768913342484,1.6783216783216703,1.6783216783216703,7.27,-2.7235213204951814,0.7702888583218881,3.869784502521778,6.265474552957362,8.264099037138939,9.71572673085741,1
AGFS,2015-11-05,1.1080332409972415,1.3850415512465464,-0.8310249307479145,-0.687757909215958,-0.687757909215958,7.22,-0.9418282548476542,0.6786703601108002,3.8042474607571597,6.211911357340716,8.454293628808873,9.353647276084942,-1
AGFS,2015-11-06,0.6963788300835771,0.6963788300835771,-2.228412256267409,-0.5540166204986208,-0.5540166204986208,7.18,-0.08356545961003548,0.16713091922007095,3.7047353760445656,6.009749303621192,8.395543175487475,8.964716805942441,-1
AGFS,2015-11-09,-1.9125683060109422,0.8196721311475308,-3.551912568306015,1.9498607242339983,1.9498607242339983,7.32,-1.2568306010929065,-2.390710382513661,1.0746812386156712,3.3128415300546443,5.530054644808735,6.5892531876138305,1
AGFS,2015-11-10,0.13736263736263687,2.4725274725274637,-0.4120879120879106,-0.5464480874316946,-0.5464480874316946,7.28,-0.3571428571428559,-2.019230769230773,0.9615384615384581,3.2829670329670213,5.439560439560442,7.010073260073257,-1
AGFS,2015-11-11,-1.6216216216216273,0.8108108108108025,-2.297297297297296,1.6483516483516425,1.6483516483516425,7.4,-1.6216216216216384,-3.0270270270270294,-1.207207207207206,1.1283783783783807,3.194594594594591,5.03153153153153,1
AGFS,2015-11-12,1.7955801104972302,2.071823204419876,-0.13812154696132284,-2.1621621621621623,-2.1621621621621623,7.24,0.6077348066298338,-0.303867403314928,0.46961325966849987,2.7900552486187946,4.856353591160234,6.896869244935555,-1
AGFS,2015-11-13,3.566333808844502,3.566333808844502,-1.1412268188302432,-3.176795580110503,-3.176795580110503,7.01,3.4236804564907297,2.881597717546369,2.872087494056119,5.520684736091308,7.549215406562082,9.757489300998579,-1
AGFS,2015-11-16,-2.2346368715083775,0.27932960893854997,-3.0726256983240163,2.1398002853067144,2.1398002853067144,7.16,0.8100558659217993,0.8798882681564368,0.13035381750465813,2.7025139664804465,4.659217877094957,6.708566108007452,1
AGFS,2015-11-17,38.834951456310684,38.834951456310684,-10.48543689320388,-28.072625698324018,-28.072625698324018,5.15,31.883495145631045,36.368932038834956,36.29773462783172,40.00970873786407,43.1766990291262,46.18770226537217,-1
AGFS,2015-11-18,-8.333333333333325,9.219858156028371,-8.333333333333325,9.514563106796103,9.514563106796103,5.64,14.184397163120588,21.63120567375887,22.884160756501192,25.762411347517713,28.985815602836883,31.861702127659576,1
AGFS,2015-11-19,7.792207792207795,10.389610389610393,-1.298701298701288,-4.432624113475181,-4.432624113475181,5.39,12.61595547309835,23.877551020408163,26.81508967223254,29.369202226345116,32.97959183673471,36.14100185528757,-1
AGFS,2015-11-20,-6.118881118881115,2.7972027972027913,-6.905594405594395,6.1224489795918435,6.1224489795918435,5.72,1.6083916083916128,14.178321678321693,17.92540792540793,19.956293706293728,23.776223776223794,26.771561771561792,1
AGFS,2015-11-23,-0.3502626970227629,2.2767075306479923,-2.276707530647981,-0.17482517482516613,-0.17482517482516613,5.71,-3.2924693520140047,11.558669001751309,16.567425569176898,18.345008756567395,22.36777583187388,25.481611208406306,0
AGFS,2015-11-24,4.72027972027973,4.72027972027973,-1.748251748251739,0.17513134851137035,0.17513134851137035,5.72,-1.4685314685314643,8.636363636363642,14.696969696969697,16.66958041958042,20.55244755244754,23.84615384615385,0
AGFS,2015-11-25,-1.5358361774744145,1.3651877133105783,-4.0955631399317465,2.447552447552459,2.447552447552459,5.86,-3.071672354948818,3.412969283276457,10.352673492605224,12.935153583617742,16.218430034129682,19.60750853242321,1
AGFS,2015-11-27,-2.1452145214521434,1.650165016501659,-4.290429042904287,3.4129692832764347,3.4129692832764347,6.06,-4.059405940594052,-1.9471947194719341,5.434543454345442,8.580858085808597,11.240924092409244,14.554455445544544,1
AGFS,2015-11-30,-5.116279069767438,0.7751937984496138,-5.4263565891472965,6.435643564356441,6.435643564356441,6.45,-7.596899224806208,-8.744186046511626,-1.695090439276492,1.5348837209302246,3.5844961240310225,6.873385012919875,1
AGFS,2015-12-01,0.9389671361502483,5.320813771518007,-3.2863849765258246,-0.9302325581395432,-0.9302325581395432,6.39,-4.600938967136159,-9.092331768388117,-1.742305685967649,1.9718309859154903,3.6807511737089182,7.021387584767869,-1
AGFS,2015-12-02,2.3622047244094446,4.8818897637795455,-0.9448818897637712,-0.6259780907668211,-0.6259780907668211,6.35,-2.0157480314960674,-6.629921259842508,-2.099737532808388,1.9842519685039361,3.672440944881905,6.824146981627299,-1
AGFS,2015-12-03,4.2763157894736725,4.9342105263157965,-0.8223684210526327,-4.2519685039369985,-4.2519685039369985,6.08,3.059210526315792,-1.759868421052635,0.8004385964912153,5.53453947368423,7.690789473684223,10.520833333333336,-1
AGFS,2015-12-04,0.6644518272425293,2.9900332225913706,-1.3289036544850363,-0.9868421052631637,-0.9868421052631637,6.02,3.953488372093039,0.2657807308970028,0.4540420819490576,5.589700996677749,8.232558139534873,10.642303433001121,-1
AGFS,2015-12-07,1.873935264054527,4.258943781942071,-3.7478705281090208,-2.491694352159457,-2.491694352159457,5.87,4.63373083475298,3.0834752981260705,1.7262918796138393,7.172061328790447,10.180579216354335,12.288472458830224,-1
AGFS,2015-12-08,-1.0135135135135087,1.3513513513513598,-3.0405405405405372,0.8517887563884052,0.8517887563884052,5.92,2.1621621621621623,2.5675675675675746,-0.5292792792792822,5.084459459459456,8.486486486486466,10.287162162162144,1
AGFS,2015-12-09,-1.6666666666666607,1.4999999999999902,-2.2333333333333427,1.3513513513513598,1.3513513513513598,6.0,-0.3666666666666707,1.6666666666666607,-0.9111111111111181,2.616666666666667,6.273333333333331,8.038888888888884,1
AGFS,2015-12-10,-1.6474464579901205,1.812191103789118,-1.976935749588138,1.1666666666666714,1.1666666666666714,6.07,-1.5485996705106975,0.8401976935749511,-1.5815485996705236,0.3377265238879712,4.257001647446468,6.298736957715545,1
AGFS,2015-12-11,1.8612521150592087,2.0304568527918843,-2.368866328257202,-2.635914332784184,-2.635914332784184,5.91,0.7445008460236879,3.3164128595600584,1.6694867456288787,1.9289340101522834,6.1928934010152314,8.663282571912001,-1
AGFS,2015-12-14,6.690777576853524,8.589511754068702,-0.7233273056057921,-6.429780033840949,-6.429780033840949,5.53,6.437613019891497,8.752260397830014,8.426763110307412,7.594936708860756,12.296564195298366,15.201928872814952,-1
AGFS,2015-12-15,1.2704174228675091,1.6333938294010864,-4.355716878402904,-0.3616636528029016,-0.3616636528029016,5.51,5.335753176043556,7.549909255898379,8.578342407743488,6.488203266787651,11.39019963702359,14.68844525105868,0
AGFS,2015-12-16,0.363636363636366,2.9090909090909056,-3.6363636363636376,-0.1814882032667886,-0.1814882032667886,5.5,3.7090909090909063,6.199999999999983,8.509090909090911,7.000000000000006,10.298181818181806,13.89696969696972,0
AGFS,2015-12-17,-0.9009009009009028,4.144144144144146,-4.684684684684681,0.9090909090909038,0.9090909090909038,5.55,0.9009009009008917,4.288288288288289,7.159159159159145,5.95495495495495,7.971171171171165,11.837837837837828,1
AGFS,2015-12-18,0.92592592592593,7.407407407407396,-0.7407407407407418,-2.7027027027026973,-2.7027027027026973,5.4,1.8148148148148024,6.037037037037041,9.320987654320989,8.907407407407408,9.607407407407397,13.820987654320982,-1
AGFS,2015-12-21,-1.4545454545454528,3.0909090909090997,-2.5454545454545396,1.8518518518518379,1.8518518518518379,5.5,-0.1454545454545486,3.4363636363636374,6.181818181818177,6.727272727272737,6.5163636363636535,10.733333333333327,1
AGFS,2015-12-22,-6.791171477079782,0.8488964346349936,-7.130730050933787,7.090909090909081,7.090909090909081,5.89,-5.4668930390492365,-3.4634974533106933,-1.414827391058282,-0.18675721561969283,-1.3989813242784366,2.5919637804187934,1
AGFS,2015-12-23,-4.0650406504065035,1.300813008130075,-5.040650406504077,4.414261460101887,4.414261460101887,6.15,-7.3495934959349585,-7.300813008130092,-5.799457994579937,-4.056910569105698,-4.917073170731712,-2.357723577235782,1
AGFS,2015-12-24,-3.5769828926905056,0.6220839813374734,-4.976671850699832,4.552845528455274,4.552845528455274,6.43,-8.646967340590983,-10.777604976671851,-9.5386210471747,-7.79160186625194,-8.56609642301709,-7.112493519958518,1
AGFS,2015-12-28,0.6289308176100628,0.6289308176100628,-6.132075471698117,-1.0886469673405785,-1.0886469673405785,6.36,-4.622641509433956,-9.088050314465413,-8.18658280922433,-6.540880503144663,-6.94968553459121,-6.551362683438178,-1
AGFS,2015-12-29,-2.821316614420055,3.4482758620689724,-5.1724137931034475,0.3144654088050203,0.3144654088050203,6.38,-2.163009404388716,-8.04075235109718,-7.9414838035527735,-6.888714733542312,-6.827586206896563,-7.1734587251828685,0
AGFS,2015-12-30,0.7886435331230235,2.8391167192429068,-8.675078864353313,-0.6269592476489061,-0.6269592476489061,6.34,-0.12618296529968154,-6.151419558359617,-6.919032597266039,-6.340694006309155,-5.842271293375378,-7.0189274447949535,-1
AGFS,2015-12-31,0.15797788309637184,0.3159557661927215,-1.421800947867291,-0.1577287066246047,-0.1577287066246047,6.33,0.600315955766173,-4.6919431279620945,-6.424433912585581,-6.208530805687218,-5.308056872037914,-6.250658241179574,0
AGFS,2016-01-04,-1.1146496815286677,1.1146496815286566,-3.66242038216561,-0.7898894154818259,-0.7898894154818259,6.28,0.9235668789808749,-2.77070063694268,-5.456475583864129,-5.302547770700638,-4.286624203821654,-5.164543524416121,-1
AGFS,2016-01-05,-0.31746031746030523,1.031746031746028,-2.2222222222222143,0.31847133757960666,0.31847133757960666,6.3,0.4126984126984201,-1.6507936507936471,-5.34391534391535,-5.380952380952375,-4.438095238095241,-4.98412698412698,0
AGFS,2016-01-06,3.161397670549082,3.993344425956735,-0.9983361064891727,-4.603174603174609,-4.603174603174609,6.01,4.026622296173055,3.9434276206322894,-0.24403771491957604,-0.6988352745424309,-0.11980033277868563,-0.23849140321685613,-1
AGFS,2016-01-07,2.3648648648648685,2.3648648648648685,-0.6756756756756799,-1.4975041597337757,-1.4975041597337757,5.92,4.189189189189202,5.57432432432432,1.7342342342342443,0.8108108108108025,1.0810810810810922,1.3963963963964154,-1
AGFS,2016-01-08,-1.650165016501648,1.650165016501659,-3.960396039603953,2.3648648648648685,2.3648648648648685,6.06,0.8910891089108919,2.986798679867997,2.220446049250313e-14,-1.4686468646864625,-1.4455445544554357,-0.759075907590745,1
AGFS,2016-01-11,3.951890034364247,5.32646048109966,-0.3436426116838587,-3.960396039603953,-3.960396039603953,5.82,3.4707903780068827,6.185567010309279,4.432989690721656,2.3797250859106445,2.439862542955318,3.3104238258877317,-1
AGFS,2016-01-12,1.649305555555558,3.472222222222232,-1.388888888888895,-1.0309278350515538,-1.0309278350515538,5.76,2.673611111111107,6.25,5.937500000000018,3.3159722222222188,3.326388888888898,4.212962962962963,-1
AGFS,2016-01-13,-3.3388981636060078,1.1686143572620988,-3.3388981636060078,3.993055555555558,3.993055555555558,5.99,-1.3355592654424098,1.5191986644407462,2.4151363383416724,-0.2671118530884975,-0.5609348914858203,-0.04451864218141255,1
AGFS,2016-01-14,0.3333333333333188,3.3333333333333437,-2.500000000000002,0.16694490818029983,0.16694490818029983,6.0,-1.2333333333333307,0.7833333333333359,2.3666666666666503,-0.024999999999997247,-0.6733333333333369,-0.4277777777777825,0
AGFS,2016-01-15,-0.8333333333333304,2.2499999999999964,-3.6666666666666625,0.0,0.0,6.0,-1.433333333333342,0.23333333333332984,2.200000000000002,0.39166666666667904,-0.6733333333333369,-0.622222222222224,0
